{"filename":"C:\\dev\\weather-alert\\__azurite_db_blob_extent__.json","collections":[{"name":"$EXTENTS_COLLECTION$","data":[{"id":"e63652f7-5325-4d4d-857b-12b70580f5ef","locationId":"Default","path":"e63652f7-5325-4d4d-857b-12b70580f5ef","size":244,"lastModifiedInMS":1739944472478,"meta":{"revision":3,"created":1739944472478,"version":0,"updated":1739944800727},"$loki":1,"LastModifyInMS":1739944800726},{"id":"bdb10822-76a2-4243-927e-4bacebaab474","locationId":"Default","path":"bdb10822-76a2-4243-927e-4bacebaab474","size":841,"lastModifiedInMS":1740527173406,"meta":{"revision":6,"created":1740527173406,"version":0,"updated":1740527580822},"$loki":3,"LastModifyInMS":1740527580822}],"idIndex":null,"binaryIndices":{"id":{"name":"id","dirty":false,"values":[1,0]}},"constraints":null,"uniqueNames":[],"transforms":{},"objType":"$EXTENTS_COLLECTION$","dirty":false,"cachedIndex":null,"cachedBinaryIndex":null,"cachedData":null,"adaptiveBinaryIndices":true,"transactional":false,"cloneObjects":false,"cloneMethod":"parse-stringify","asyncListeners":false,"disableMeta":false,"disableChangesApi":true,"disableDeltaChangesApi":true,"autoupdate":false,"serializableIndices":true,"disableFreeze":true,"ttl":null,"maxId":3,"DynamicViews":[],"events":{"insert":[],"update":[],"pre-insert":[],"pre-update":[],"close":[],"flushbuffer":[],"error":[],"delete":[null],"warning":[null]},"changes":[],"dirtyIds":[]}],"databaseVersion":1.5,"engineVersion":1.5,"autosave":true,"autosaveInterval":5000,"autosaveHandle":null,"throttledSaves":true,"options":{"persistenceMethod":"fs","autosave":true,"autosaveInterval":5000,"serializationMethod":"normal","destructureDelimiter":"$<\n"},"persistenceMethod":"fs","persistenceAdapter":null,"verbose":false,"events":{"init":[null],"loaded":[],"flushChanges":[],"close":[],"changes":[],"warning":[]},"ENV":"NODEJS"}