{"filename":"C:\\dev\\weather-alert\\__azurite_db_blob__.json","collections":[{"name":"$SERVICES_COLLECTION$","data":[],"idIndex":null,"binaryIndices":{},"constraints":null,"uniqueNames":["accountName"],"transforms":{},"objType":"$SERVICES_COLLECTION$","dirty":false,"cachedIndex":null,"cachedBinaryIndex":null,"cachedData":null,"adaptiveBinaryIndices":true,"transactional":false,"cloneObjects":false,"cloneMethod":"parse-stringify","asyncListeners":false,"disableMeta":false,"disableChangesApi":true,"disableDeltaChangesApi":true,"autoupdate":false,"serializableIndices":true,"disableFreeze":true,"ttl":null,"maxId":0,"DynamicViews":[],"events":{"insert":[],"update":[],"pre-insert":[],"pre-update":[],"close":[],"flushbuffer":[],"error":[],"delete":[null],"warning":[null]},"changes":[],"dirtyIds":[]},{"name":"$CONTAINERS_COLLECTION$","data":[{"accountName":"devstoreaccount1","name":"azure-webjobs-hosts","properties":{"etag":"\"0x20423855932D920\"","lastModified":"2025-02-19T05:54:32.455Z","leaseStatus":"unlocked","leaseState":"available","hasImmutabilityPolicy":false,"hasLegalHold":false},"meta":{"revision":0,"created":1739944472459,"version":0},"$loki":1}],"idIndex":null,"binaryIndices":{"accountName":{"name":"accountName","dirty":false,"values":[0]},"name":{"name":"name","dirty":false,"values":[0]}},"constraints":null,"uniqueNames":[],"transforms":{},"objType":"$CONTAINERS_COLLECTION$","dirty":false,"cachedIndex":null,"cachedBinaryIndex":null,"cachedData":null,"adaptiveBinaryIndices":true,"transactional":false,"cloneObjects":false,"cloneMethod":"parse-stringify","asyncListeners":false,"disableMeta":false,"disableChangesApi":true,"disableDeltaChangesApi":true,"autoupdate":false,"serializableIndices":true,"disableFreeze":true,"ttl":null,"maxId":1,"DynamicViews":[],"events":{"insert":[],"update":[],"pre-insert":[],"pre-update":[],"close":[],"flushbuffer":[],"error":[],"delete":[null],"warning":[null]},"changes":[],"dirtyIds":[]},{"name":"$BLOBS_COLLECTION$","data":[{"deleted":false,"accountName":"devstoreaccount1","containerName":"azure-webjobs-hosts","name":"locks/desktop7bfcbvs-843731214/Host.Functions.WeatherCheckFunction.Listener","properties":{"creationTime":"2025-02-19T05:54:32.464Z","lastModified":"2025-02-19T05:54:32.464Z","etag":"\"0x1ED8A027209AD50\"","contentLength":0,"contentType":"application/octet-stream","contentMD5":{"type":"Buffer","data":[212,29,140,217,143,0,178,4,233,128,9,152,236,248,66,126]},"blobType":"BlockBlob","leaseStatus":"locked","leaseState":"leased","serverEncrypted":true,"accessTier":"Hot","accessTierInferred":true,"accessTierChangeTime":"2025-02-19T05:54:32.464Z","leaseDuration":"fixed"},"snapshot":"","isCommitted":true,"persistency":{"id":"e63652f7-5325-4d4d-857b-12b70580f5ef","offset":0,"count":0},"meta":{"revision":138,"created":1739944472479,"version":0,"updated":1740527587152},"$loki":1,"leaseId":"52dfb513-646b-4774-8380-40e3f19d592c","leaseExpireTime":"2025-02-25T23:53:22.151Z","leaseDurationSeconds":15},{"deleted":false,"metadata":{"FunctionInstance":"000000000000000000000000406DAACF"},"accountName":"devstoreaccount1","containerName":"azure-webjobs-hosts","name":"locks/desktop7bfcbvs-843731214/host","properties":{"creationTime":"2025-02-19T05:54:37.116Z","lastModified":"2025-02-25T23:52:34.445Z","etag":"\"0x23A437AF685F460\"","contentLength":0,"contentType":"application/octet-stream","contentMD5":{"type":"Buffer","data":[212,29,140,217,143,0,178,4,233,128,9,152,236,248,66,126]},"blobType":"BlockBlob","leaseStatus":"locked","leaseState":"leased","serverEncrypted":true,"accessTier":"Hot","accessTierInferred":true,"accessTierChangeTime":"2025-02-19T05:54:37.116Z","leaseDuration":"fixed"},"snapshot":"","isCommitted":true,"persistency":{"id":"e63652f7-5325-4d4d-857b-12b70580f5ef","offset":115,"count":0},"meta":{"revision":100,"created":1739944477120,"version":0,"updated":1740527578471},"$loki":3,"leaseId":"000000000000000000000000406DAACF","leaseExpireTime":"2025-02-25T23:53:13.470Z","leaseDurationSeconds":15},{"deleted":false,"accountName":"devstoreaccount1","containerName":"azure-webjobs-hosts","name":"timers/desktop7bfcbvs-843731214/Host.Functions.WeatherCheckFunction/status","properties":{"creationTime":"2025-02-25T23:53:00.811Z","lastModified":"2025-02-25T23:53:00.811Z","etag":"\"0x24FD1D29AACDC40\"","contentLength":113,"contentType":"application/octet-stream","contentMD5":{"type":"Buffer","data":[68,204,183,104,144,56,241,252,29,236,10,137,198,127,189,240]},"blobType":"BlockBlob","leaseStatus":"unlocked","leaseState":"available","serverEncrypted":true,"accessTier":"Hot","accessTierInferred":true,"accessTierChangeTime":"2025-02-25T23:53:00.811Z"},"snapshot":"","isCommitted":true,"persistency":{"id":"bdb10822-76a2-4243-927e-4bacebaab474","offset":728,"count":113},"meta":{"revision":0,"created":1740527580829,"version":0},"$loki":21}],"idIndex":null,"binaryIndices":{"accountName":{"name":"accountName","dirty":false,"values":[0,2,1]},"containerName":{"name":"containerName","dirty":false,"values":[0,2,1]},"name":{"name":"name","dirty":false,"values":[0,1,2]},"snapshot":{"name":"snapshot","dirty":false,"values":[0,2,1]}},"constraints":null,"uniqueNames":[],"transforms":{},"objType":"$BLOBS_COLLECTION$","dirty":false,"cachedIndex":null,"cachedBinaryIndex":null,"cachedData":null,"adaptiveBinaryIndices":true,"transactional":false,"cloneObjects":false,"cloneMethod":"parse-stringify","asyncListeners":false,"disableMeta":false,"disableChangesApi":true,"disableDeltaChangesApi":true,"autoupdate":false,"serializableIndices":true,"disableFreeze":true,"ttl":null,"maxId":21,"DynamicViews":[],"events":{"insert":[],"update":[],"pre-insert":[],"pre-update":[],"close":[],"flushbuffer":[],"error":[],"delete":[null],"warning":[null]},"changes":[],"dirtyIds":[]},{"name":"$BLOCKS_COLLECTION$","data":[],"idIndex":null,"binaryIndices":{"accountName":{"name":"accountName","dirty":false,"values":[]},"containerName":{"name":"containerName","dirty":false,"values":[]},"blobName":{"name":"blobName","dirty":false,"values":[]},"name":{"name":"name","dirty":false,"values":[]}},"constraints":null,"uniqueNames":[],"transforms":{},"objType":"$BLOCKS_COLLECTION$","dirty":false,"cachedIndex":null,"cachedBinaryIndex":null,"cachedData":null,"adaptiveBinaryIndices":true,"transactional":false,"cloneObjects":false,"cloneMethod":"parse-stringify","asyncListeners":false,"disableMeta":false,"disableChangesApi":true,"disableDeltaChangesApi":true,"autoupdate":false,"serializableIndices":true,"disableFreeze":true,"ttl":null,"maxId":0,"DynamicViews":[],"events":{"insert":[],"update":[],"pre-insert":[],"pre-update":[],"close":[],"flushbuffer":[],"error":[],"delete":[null],"warning":[null]},"changes":[],"dirtyIds":[]}],"databaseVersion":1.5,"engineVersion":1.5,"autosave":true,"autosaveInterval":5000,"autosaveHandle":null,"throttledSaves":true,"options":{"persistenceMethod":"fs","autosave":true,"autosaveInterval":5000,"serializationMethod":"normal","destructureDelimiter":"$<\n"},"persistenceMethod":"fs","persistenceAdapter":null,"verbose":false,"events":{"init":[null],"loaded":[],"flushChanges":[],"close":[],"changes":[],"warning":[]},"ENV":"NODEJS"}